{
  "project_info": {
    "project_number": "1072589077471",
    "project_id": "connected-4570",
    "storage_bucket": "connected-4570.firebasestorage.app"
  },
  "client": [
    {
      "client_info": {
        "mobilesdk_app_id": "1:1072589077471:android:6b8c0a20e81bea4270e26a",
        "android_client_info": {
          "package_name": "com.community.connected"
        }
      },
      "oauth_client": [],
      "api_key": [
        {
          "current_key": "AIzaSyDIOOMoVA77ywvWig6gWwBH9Bp-3GMNMzY"
        }
      ],
      "services": {
        "appinvite_service": {
          "other_platform_oauth_client": []
        }
      }
    }
  ],
  "configuration_version": "1"
}